id,name
1,Appetizer
2,Apple
3,Apricot
4,Arrowroot
5,Artichoke
6,Asparagus
7,Bag
8,Bag Stand
9,Bagel
10,Banana
11,Bandage
12,Bar
13,Bar Mix
14,Barramundi
15,Basil
16,Bay Leaf
17,Beans
18,Beef
19,Beer
20,Beets
21,Blackberries
22,Clothing
23,Blue Curacao
24,Blueberries
25,Bok Choy
26,Bols Melon Liqueur
27,Bouillion
28,Bouq All Italian
29,Brandy
30,Bread
31,Bread Base
32,Bread Cranberry Foccacia
33,Bread Crumbs
34,Breakfast Quesadillas
35,Broccoli
36,Broom And Broom Rack White
37,Butter
38,Cabbage
39,Cake
40,Cake Circle
41,Calvados
42,Canadian Emmenthal
43,Capon
44,Carbonated Water
45,Carrots
46,Catfish
47,Cattail Hearts
48,Chambord Royal
49,Cheese
50,Cherries
51,Chestnuts
52,Chevril
53,Chick Peas
54,Chicken
55,Chickensplit Half
56,Chickhen
57,"Chilli Paste, Ginger Garlic"
58,"Chilli Paste, Sambal Oelek"
59,Chinese Foods
60,Chips
61,Chocolate
62,Chocolate Bar
63,Chutney Sauce
64,Cilantro / Coriander
65,Cinnamon
66,Cinnamon Rolls
67,Clams
68,Cleaner
69,Cocoa Powder
70,Coconut
71,Cod
72,Coffee
73,Cookie
74,Coffee Cup
75,Compound
76,Container
77,Liquor
78,Cookie Dough
79,Corn
80,Corn Kernels
81,Corn Shoots
82,Cotton Wet Mop 16 Oz
83,Country Roll
84,Crab
85,Crab Meat Claw Pasteurise
86,Crackers
87,Cranberries
88,Cream
89,Cream Of Tartar
90,Creme De Cacao White
91,Croissants Thaw And Serve
92,Cumin
93,Cup
94,Curry Paste
95,Curry Powder
96,Danishes
97,Dates
98,Dc
99,Dc Hikiage Hira Huba
100,Dehydrated Kelp Kombo
101,Dish Towel
102,Dome Lid
103,Dr. Pepper
104,Dragon Fruit
105,Dried Figs
106,Dried Peach
107,Duck
108,Easy Off Oven Cleaner
109,Ecolab
110,Eel
111,Eggplant Oriental
112,Energy Drink
113,External Supplier
114,Extract
115,Fib N9
116,Fiddlehead
117,Filling
118,Filo Dough
119,Filter
120,Fireball Whisky
121,Fish
122,Flavouring
123,Flour
124,Flower
125,Foam Dinner Plate
126,Foam Tray S2
127,Foie Gras
128,Foil
129,Fond
130,Fondant
131,Food Colouring
132,Galliano
133,Garam Marsala
134,Garam Masala Powder
135,Garbage Bags
136,Gatorade
137,Gherkin
138,Ginger
139,Gingerale
140,Ginseng
141,Glass
142,Glove
143,Godiva White Chocolate
144,Gooseberry
145,Grand Marnier
146,Grapefruit
147,Grapes
148,Green Scrubbie Pad H.duty
149,Icecream
150,Ham
151,Herb Du Provence
152,Hinge W Undercut
153,Hog / Sausage Casing
154,Honey
155,Horseradish Root
156,Hot Chocolate
157,Huck White Towels
158,Icecream Bar
159,Iced Tea
160,Initation Crab Meat
161,Instant Coffee
162,Island Oasis
163,Jagermeister
164,Jameson Irish Whiskey
165,Jolt Cola
166,Juice
167,Cereal
168,Kippers
169,Kiwi
170,Kolrabi
171,Lamb
172,Langers
173,Lemon Pepper
174,Lemonade
175,Lettuce
176,Lid
177,Limes
178,Liners
179,Whiskey
180,Liquid Aminios Acid
181,Lobak
182,Long Island Ice Tea
183,Longos
184,Loquat
185,Lotus Leaves
186,Lotus Root
187,Lotus Rootlets
188,Macaroons
189,Mace
190,Mackerel Whole Fresh
191,Madeira
192,Wine
193,Mangostein
194,Marjoram
195,Melon
196,Milk
197,Mini
198,Miso Paste White
199,Mix
200,Mountain Dew
201,Mousse
202,Muffin
203,Muffin Mix
204,Mushroom
205,Mussels
206,Mustard
207,Myers Planters Punch
208,Nacho Chips
209,Nantucket
210,Nantucket Pine Orangebanana
211,Napkin Colour
212,Neckerchief Blck
213,Nectarines
214,Nougat
215,Nut
216,Ocean Spray
217,Oil
218,Okra
219,Olives
220,Onions
221,Orange
222,Orange Roughy 6/8 Oz
223,Oven Mitt
224,Pail
225,Pancetta
226,Papaya
227,Parsley
228,Passion Fruit
229,Pasta
230,Pastry
231,Peach
232,Pear
233,Peas
234,Pectin
235,Pepper
236,Peppercorns
237,Pepsi
238,Persimmons
239,Pickles
240,Pie Box
241,Pie Pecan
242,Pie Shell
243,Pike
244,Pimento
245,Piping Jelly
246,Pizza Pizza Dough
247,Placemat
248,Plantain
249,Plastic Spoon
250,Plate Foam
251,Pomegranate
252,Pop Shoppe Cream Soda
253,Pork
254,Port
255,Potatoes
256,Praline Paste
257,Puff Pastry
258,Pumpkin
259,Pur Source
260,Puree
261,Quail
262,Quinoa
263,Rabbit
264,Radish
265,Rambutan
266,Red Snapper
267,Relish
268,Remy Red Berry Infusion
269,Rhubarb
270,Rice
271,Rice Paper
272,Rice Wine
273,Rolled Oats
274,Rosemary
275,Rum
276,Sage
277,Salmon
278,Salmon Steak
279,Salt
280,Samosa
281,Sauce
282,Sauce Tomato Pouch
283,Sausage
284,Scampi Tail
285,Sea Bass
286,Seaweed Green Sheets
287,Seedlings
288,Shallots
289,Sherbet
290,Sherry
291,Shrimp
292,Smirnoff Green Apple Twist
293,Smoked Paprika
294,Snails
295,Soap
296,Sobe
297,Sole
298,Soup
299,Sour Cream
300,Spice
301,Cup Dispenser
302,Sprite
303,Sprouts
304,Sproutsmustard Cress
305,Squash
306,Stainless Steel Cleaner Vision
307,Steam Pan Full Lid
308,Steamers White
309,Stock
310,Strawberries
311,Sugar
312,Sunflower Seed Raw
313,Syrup
314,Table Cloth
315,Tarragon
316,Tart Shells
317,Tea
318,Teriyaki Sauce
319,The Pop Shoppe
320,Thermometer Digital
321,Thyme
322,Tilapia
323,Tomato
324,Tomato Paste
325,Toothpick
326,Tortillas
327,Towel
328,Tray
329,Blueberry
330,Blueberry Cranberry
331,Truffle Cups
332,Truffle Shells
333,Tuna
334,Turkey
335,Turnip
336,Vacuum Bags
337,Veal
338,Venison
339,Vinegar
340,Vodka
341,Water
342,Water Chestnut
343,Wheat
344,Baguette
345,Worcestershire Sauce
346,Yeast
347,Yeast Dry
348,Yogurt
349,Yokaline
350,Yoplait
351,Yucca
