id,name,cate
00101,Lobster Phyllo Roll,Appetizer
00102,Asian Shrimp Roll,Appetizer
00103,Crab And Brie,Appetizer
00104,Sausage Rolls,Appetizer
00105,Southwestern,Appetizer
00106,Escargot Puff,Appetizer
00201,"Delicious, Red",Apple
00202,Granny Smith,Apple
00203,"Delicious, Golden",Apple
00204,Royal Gala,Apple
00205,Fuji,Apple
00206,Spartan,Apple
00301,Fresh,Apricot
00401,Arrowroot,Arrowroot
00501,Fresh,Artichoke
00502,"Bottom, Canned",Artichoke
00503,Jerusalem,Artichoke
00601,Mexican,Asparagus
00701,Clear 7 Lb,Bag
00702,Clear 10 Lb,Bag
00801,Bag Stand,Bag Stand
00901,Plain,Bagel
00902,Ched Chs Presliced,Bagel
01001,Leaves,Banana
01002,Turning,Banana
01101,Finger Cots,Bandage
01201,Sweet And Salty Chocolate,Bar
01202,Granola Trail Mix Fruit Nut,Bar
01203,Bran Honey Nut,Bar
01301,Lime,Bar Mix
01401,Barramundi,Barramundi
01501,Thai,Basil
01502,"Dry, Rubbed",Basil
01503,Fresh,Basil
01601,Bay Leaf,Bay Leaf
01602,Ground,Bay Leaf
01701,"Navy, Dry",Beans
01702,"Kidney, Canned",Beans
01703,"Black Bean, Dry",Beans
01704,"Black Bean, Canned",Beans
01705,Wax,Beans
01706,Butter Lrg Lima,Beans
01707,"Long, Chinese",Beans
01708,Yellow,Beans
01801,Top Butt Aaa,Beef
01802,Tenderloin,Beef
01803,Top Sirloin,Beef
01804,Inside Round,Beef
01805,"Roasted, Cooked",Beef
01806,Sushi Flat Iron Steak,Beef
01807,"Bones, Marrow",Beef
01808,Rib Eye Aaa,Beef
01809,Ground Lean Fresh,Beef
01810,Tenderloin,Beef
01811,"Kindney, Whole",Beef
01812,Flank Steak,Beef
01813,Cheek Fresh,Beef
01814,Ground Medium,Beef
01815,Tenderloin AAA,Beef
01901,Molson Excel,Beer
01902,Heinekin,Beer
01903,Tetleys,Beer
01904,Fruli,Beer
01905,Muskoka Cream Ale,Beer
01906,Upper Canada Light,Beer
01907,Blue,Beer
01908,Sleemans Honey Brown,Beer
01909,Paulaner Hefeweisse,Beer
01910,Moosehead,Beer
01911,Sleeman Fine Porter,Beer
02001,Mini Golden,Beets
02002,"Candy Cane, Organic",Beets
02003,Pickled,Beets
02101,Blackberries,Blackberries
02201,Blouse / Shirt / Sweater,Clothing
02301,Marie Brizard,Blue Curacao
02401,Blueberries,Blueberries
02501,Baby,Bok Choy
02601,Bols Melon Liqueur,Bols Melon Liqueur
02701,Fish,Bouillion
02801,Primerba,Bouq All Italian
02901,Bar,Brandy
02902,Apricot,Brandy
02903,Mcguinness Cherry Brandy,Brandy
03001,French Baquette,Bread
03002,Calabrese Baguette,Bread
03003,Assorted Rolls,Bread
03004,"Crumbs, Bulk",Bread
03005,Sour Sticks With Onion,Bread
03006,Corn Muffaletta,Bread
03007,"Multigrain, Loaf",Bread
03008,"White, Unsliced",Bread
03009,Pain Au Liat X12,Bread
03010,"Roll, Whole Wheat",Bread
03011,Italian Roll With Herbs,Bread
03012,Rye,Bread
03013,"Rolls, Corn",Bread
03014,White Mini Epi,Bread
03015,"White, Sliced",Bread
03016,Olive,Bread
03017,Focaccia Quarter,Bread
03018,"Pita, Mini",Bread
03019,10 Grain Parisian,Bread
03020,Wheat Baguette,Bread
03021,Multigrain,Bread
03022,"Bagels, Mini",Bread
03023,Frozen Basket Variety,Bread
03024,Hot Dog Buns,Bread
03025,Petit Baguette,Bread
03101,Toscano,Bread Base
03201,Bread Cranberry Foccacia,Bread Cranberry Foccacia
03301,Panko,Bread Crumbs
03302,Japanese Style,Bread Crumbs
03026,Fig And Almond,Bread
03401,Breakfast Quesadillas,Breakfast Quesadillas
03501,Fresh,Broccoli
03601,Broom And Broom Rack White,Broom And Broom Rack White
03701,"Salted, Micro",Butter
03702,Salted,Butter
03703,Balls Salted,Butter
03801,Red,Cabbage
03802,Savoy,Cabbage
03901,Sheet Strawberry,Cake
03902,Mini Cheesecake,Cake
03903,Cheese Cake 9 Inch,Cake
03904,Cake Sheet Macaroon,Cake
04001,"Foil, Scallop",Cake Circle
04002,Paprus,Cake Circle
04101,Boulard,Calvados
04201,Canadian Emmenthal,Canadian Emmenthal
04301,"Breast, Double, Wing On",Capon
04401,Strawberry,Carbonated Water
04402,Wildberry,Carbonated Water
04403,Blackberry,Carbonated Water
04501,Mini Red Organic,Carrots
04502,Jumbo,Carrots
04601,Fillets,Catfish
04701,Cattail Hearts,Cattail Hearts
04801,Chambord Royal,Chambord Royal
04901,Victor Et Berthold,Cheese
04902,Parmesan Grated,Cheese
04903,Goat,Cheese
04904,Provolone,Cheese
04905,St. Paulin,Cheese
04906,Cheddar With Claret,Cheese
04907,"Manchego, Spanish",Cheese
04908,Pied De Vents,Cheese
04909,Le Cru Du Clocher,Cheese
04910,Parmesan Cubes,Cheese
04911,Mix,Cheese
04912,Parmigiano Reggiano,Cheese
04913,Montery Jack,Cheese
04914,"Brie,danish",Cheese
04915,Oka,Cheese
04916,"Mozzarella, Buffalo",Cheese
04917,Gorgonzola,Cheese
04918,Cambozola,Cheese
04919,Cream Cheese,Cheese
04920,Ricotta,Cheese
04921,Camembert,Cheese
04922,Mozzarella,Cheese
04923,Cheddar Processed,Cheese
05001,"Maraschino,jar",Cherries
05101,"Whole,canned",Chestnuts
05201,Chevril,Chevril
05301,Dried,Chick Peas
05401,White Meat With Tender,Chicken
05402,Ground,Chicken
05403,"Wings, Tip Off",Chicken
05404,"Diced, Cooked",Chicken
05405,"Base, Ultimate",Chicken
05406,Bones,Chicken
05407,Breast Halal,Chicken
05501,Chickensplit Half,Chickensplit Half
05601,Chicken Phyllo,Chickhen
05701,"Chilli Paste, Ginger Garlic","Chilli Paste, Ginger Garlic"
05801,"Chilli Paste, Sambal Oelek","Chilli Paste, Sambal Oelek"
05901,Thick Noodles,Chinese Foods
06001,Miss Vickies,Chips
06002,Assorted,Chips
06101,Mi,Chocolate
06102,Sugar Free Semi Choc,Chocolate
06103,Feathers,Chocolate
06104,"Pistoles, Lactee, Milk",Chocolate
06201,Coffee Crisp,Chocolate Bar
06301,Chutney Sauce,Chutney Sauce
06401,Fresh,Cilantro / Coriander
06501,Stick,Cinnamon
06601,Cinnamon Rolls,Cinnamon Rolls
06701,Canned,Clams
06801,Lime Away,Cleaner
06901,Natural,Cocoa Powder
06902,Dutched,Cocoa Powder
07001,"Shredded, Sweet",Coconut
07101,"Salted, Boneless",Cod
07102,Black Whole Fillet,Cod
07201,"Colombian, Portioned",Coffee
07202,Irish Cream,Coffee
07203,Decaffeinato Coffee,Coffee
07204,French Vanilla Frothy,Coffee
07205,Almond Amaretto,Coffee
07206,Espresso,Coffee
07301,Coffee Caramel Biscotti,Cookie
07401,8oz 5338cd,Coffee Cup
07207,Decaf Colombian,Coffee
07208,Guatemala Dark,Coffee
07501,Pear,Compound
07601,Clear 8 Oz,Container
07602,3oz Microwave Rect.,Container
07701,Cointreau,Liquor
07302,Oreo 100x2,Cookie
07303,Double Choco,Cookie
07801,Double,Cookie Dough
07802,Chocolate Chip,Cookie Dough
07803,Peanut Butter,Cookie Dough
07304,"Oreo, 4 Pack",Cookie
07305,Englishbay Oatmeal,Cookie
07306,Assorted,Cookie
07307,Englishbay Wht,Cookie
07308,Cereal Nut,Cookie
07901,"Cream, Canned",Corn
08001,Frozen,Corn Kernels
08101,Corn Shoots,Corn Shoots
08201,Cotton Wet Mop 16 Oz,Cotton Wet Mop 16 Oz
08301,Country Roll,Country Roll
08401,"Blue, Frozen",Crab
08402,"Claws, Snow 16",Crab
08501,Crab Meat Claw Pasteurise,Crab Meat Claw Pasteurise
08601,Soda / Saltins,Crackers
08602,Graham,Crackers
08603,Water,Crackers
08604,Melba Toast,Crackers
08701,Dry,Cranberries
08702,Frozen,Cranberries
08801,10%,Cream
08901,Cream Of Tartar,Cream Of Tartar
08802,10%,Cream
09001,Creme De Cacao White,Creme De Cacao White
09101,Croissants Thaw And Serve,Croissants Thaw And Serve
09201,Ground,Cumin
09202,Whole,Cumin
09301,Translucent 7 Oz Clear,Cup
09302,"3.5oz, Foam",Cup
09401,Green Masala,Curry Paste
09501,Curry Powder,Curry Powder
09502,Madras,Curry Powder
09601,Mini Raspberry,Danishes
09701,Dates,Dates
09801,Sakura Fu,Dc
09901,Dc Hikiage Hira Huba,Dc Hikiage Hira Huba
10001,Dehydrated Kelp Kombo,Dehydrated Kelp Kombo
10101,Dish Towel,Dish Towel
10201,Clear P92008h,Dome Lid
10301,355ml,Dr. Pepper
10401,Dragon Fruit,Dragon Fruit
10501,Dried Figs,Dried Figs
10601,Dried Peach,Dried Peach
10701,Legs,Duck
10801,Easy Off Oven Cleaner,Easy Off Oven Cleaner
10901,Hobart Upr Prewash Arm,Ecolab
10902,Solid Fusion,Ecolab
10903,Lime,Ecolab
10904,Hobart Washarm End Cap,Ecolab
10905,Ster Bac,Ecolab
11001,Smoked,Eel
11101,Eggplant Oriental,Eggplant Oriental
11201,Franks Pineapple,Energy Drink
11301,External Supplier,External Supplier
11401,Raspberry,Extract
11402,Rum,Extract
11501,Prague Powder,Fib N9
11601,Frozen,Fiddlehead
11701,Mince Meat,Filling
11801,Filo Dough,Filo Dough
11901,Coffee,Filter
12001,Fireball Whisky,Fireball Whisky
12101,Bones,Fish
12102,"Soup Base, Bouillon",Fish
12201,Raspberry,Flavouring
12301,Pastry,Flour
12302,So Mix Cake White,Flour
12303,Strong Pizza,Flour
12304,Whole Wheat,Flour
12305,Teff,Flour
12306,Strong,Flour
12401,Daisies,Flower
12402,Commercial Spider,Flower
12403,Commercial Bronze,Flower
12501,Foam Dinner Plate,Foam Dinner Plate
12601,Foam Tray S2,Foam Tray S2
12701,Foie Gras,Foie Gras
12801,Round Foil,Foil
12802,4oz Custard Cup,Foil
12901,Chocolate,Fond
12902,Neutral,Fond
13001,Icing,Fondant
13101,Green,Food Colouring
13102,Blue,Food Colouring
13201,Galliano,Galliano
13301,Garam Marsala,Garam Marsala
13401,Garam Masala Powder,Garam Masala Powder
13501,Black,Garbage Bags
13502,Black,Garbage Bags
13601,Lemon Lime,Gatorade
13701,Gherkin,Gherkin
13702,Sour,Gherkin
13801,Pickled,Ginger
13901,Diet,Gingerale
14001,Fresh,Ginseng
14101,"Wine, Plastic, Clear 5 Oz",Glass
14201,Cutting,Glove
14301,Godiva White Chocolate,Godiva White Chocolate
14401,Gooseberry,Gooseberry
14501,Grand Marnier,Grand Marnier
14601,White,Grapefruit
14701,Red,Grapes
14801,Green Scrubbie Pad H.duty,Green Scrubbie Pad H.duty
14901,Hagen Daza Dk Choocolate,Icecream
15001,Procutinni,Ham
15002,Virginia,Ham
15003,Black Forest,Ham
15004,Cooked Italian,Ham
15005,Black Forest,Ham
15101,Primerba,Herb Du Provence
15201,Hinge W Undercut,Hinge W Undercut
15301,Pork,Hog / Sausage Casing
15401,Liquid,Honey
15501,Horseradish Root,Horseradish Root
15601,Individual,Hot Chocolate
15701,Huck White Towels,Huck White Towels
14902,Turtles Stick Bar,Icecream
14903,Vanilla,Icecream
14904,"Bar, Oreo Cone",Icecream
14905,"Bar, Drumstick",Icecream
14906,Dstk Cml And Fdg,Icecream
15801,Del Monte,Icecream Bar
15901,"Lemon, 340ml",Iced Tea
16001,Initation Crab Meat,Initation Crab Meat
16101,Instant Coffee,Instant Coffee
16201,Sweet And Sour Mix,Island Oasis
16202,Cappucino Mix,Island Oasis
16203,Raspberry,Island Oasis
16204,Ice Cream Mix,Island Oasis
16205,Peach Daiquiri,Island Oasis
16206,Banana Daiquiri,Island Oasis
16207,Mango Daiquiri,Island Oasis
16208,Pina Colada,Island Oasis
16301,Jagermeister,Jagermeister
16401,Jameson Irish Whiskey,Jameson Irish Whiskey
16501,Electric Blue,Jolt Cola
16601,Mango,Juice
16602,V8 Splash,Juice
16603,"Tomato, 10 Oz",Juice
16604,"Orange, 341 Ml",Juice
16605,"Tomato, 48 Oz",Juice
16606,Lime,Juice
16607,Apple 284ml,Juice
16608,"Pineapple, 341 Ml",Juice
16609,Peach Nectar,Juice
16701,Kellogs Cereal In A Cup,Cereal
16801,Smoked,Kippers
16901,Kiwi,Kiwi
17001,Kolrabi,Kolrabi
17101,Rack,Lamb
17102,"Racks, Frenched",Lamb
17103,Bones,Lamb
17104,"Loin, Trimmed, Boneless",Lamb
17105,"Rack, Ontario",Lamb
17106,"Rack, Frenched Australian",Lamb
17107,Shoulder Boneless Nz,Lamb
17108,Tenderloin Nz Fr,Lamb
17201,Ruby Red Grapfruit,Langers
17202,Mango Nectar,Langers
17203,Cranberry Cocktail,Langers
17301,Lemon Pepper,Lemon Pepper
17401,"Natural, 591 Ml",Lemonade
17402,"Mandarin, 591 Ml",Lemonade
17403,"Strawberry, 591 Ml",Lemonade
17404,"Island Tea, 591 Ml",Lemonade
17405,"Black Cherry, 591 Ml",Lemonade
17501,Green Leaf,Lettuce
17502,"Mini Greens, Whole",Lettuce
17503,Spring Mix,Lettuce
17504,Iceberg,Lettuce
17505,Radicchio,Lettuce
17506,Escarole,Lettuce
17507,Red Leaf,Lettuce
17508,California Mix,Lettuce
17509,Belgian Endive,Lettuce
17601,3oz Med Rec,Lid
17602,"10,12,16 Oz",Lid
17701,Limes,Limes
17801,"Banana, Paper",Liners
17802,Baking Cups,Liners
17901,"Liqueur Banana, Ramazzotti",Whiskey
18001,Braggs,Liquid Aminios Acid
18101,Lobak,Lobak
18201,Long Island Ice Tea,Long Island Ice Tea
18301,Chicken Wings,Longos
18302,Chicken Curried,Longos
18303,Grilled Chicken With,Longos
18304,Grilled Veg Sandwiches,Longos
18401,Loquat,Loquat
18501,Lotus Leaves,Lotus Leaves
18601,Lotus Root,Lotus Root
18701,Canned,Lotus Rootlets
18801,Homestyle Two Bit,Macaroons
18802,Two Bite Choc,Macaroons
18901,Mace,Mace
19001,Mackerel Whole Fresh,Mackerel Whole Fresh
19101,Madeira,Madeira
19201,Magnotta Bel Paese White,Wine
19202,Magnotta Bel Paese Red,Wine
19301,Mangostein,Mangostein
19401,"Dried, Rubbed",Marjoram
19402,Fresh,Marjoram
07702,Mcgillicuddy Vanilla Schnap,Liquor
19501,Honey Dew,Melon
19502,Watermelon Yellow,Melon
19503,Cantaloupe,Melon
19601,Condensed,Milk
19602,Buttermilk,Milk
19603,1%,Milk
19604,Chocolate 500ml,Milk
19605,Homo,Milk
19606,2% 500 Ml,Milk
19701,Vol Au Vents,Mini
19801,Miso Paste White,Miso Paste White
19901,Cappucino Cocktail,Mix
20001,Mountain Dew,Mountain Dew
20101,Mango,Mousse
20201,Banana Nut Individual,Muffin
20202,Mix,Muffin
20203,Batt Carrot Spice,Muffin
20204,Carrot Individual,Muffin
20205,Hinge 117n,Muffin
20301,Banana Nut,Muffin Mix
20302,Chocolate Chip,Muffin Mix
20303,Raisin Bran,Muffin Mix
20206,Orange Individual,Muffin
20207,Assorted,Muffin
20401,"Morels, Dry",Mushroom
20402,Crimini,Mushroom
20403,"Porcini, Dry",Mushroom
20404,Porcini Frozen,Mushroom
20405,Morel Frozen,Mushroom
20501,Frozen,Mussels
20601,"Dry, Powder",Mustard
20602,Pommery,Mustard
20701,Myers Planters Punch,Myers Planters Punch
20801,Nacho Chips,Nacho Chips
20901,Kiwi Berry Cktl.,Nantucket
21001,Nantucket Pine Orangebanana,Nantucket Pine Orangebanana
21101,Napkin Colour,Napkin Colour
21201,Neckerchief Blck,Neckerchief Blck
21301,Nectarines,Nectarines
21401,Paste / Cream,Nougat
21501,"Pecan, Pieces",Nut
21502,"Almond, Blanched, Ground",Nut
21503,"Cashews, Whole, Raw",Nut
21504,"Almond, Blanched, Sliced",Nut
21601,Ruby Red,Ocean Spray
21701,Sunflower,Oil
21702,Canola,Oil
21703,Olive Bertolli,Oil
21704,Safflower,Oil
21705,Grapeseed Oil,Oil
21706,Sesame,Oil
21707,Peanut,Oil
21708,Cooking Spray,Oil
21709,Coconut,Oil
21801,Okra,Okra
21901,Morracan Dired,Olives
21902,"Green, Pitted",Olives
21903,Stuffed,Olives
22001,Red Pearl,Onions
22002,Cooking,Onions
22003,Vidalia,Onions
22004,Cippolini,Onions
22005,White,Onions
22006,Red,Onions
22101,Blood,Orange
22201,Orange Roughy 6/8 Oz,Orange Roughy 6/8 Oz
22102,Orange,Orange
22301,13 Inch,Oven Mitt
22302,15 Inch,Oven Mitt
22401,With Metal Handle 16l White,Pail
22501,Pancetta,Pancetta
22601,Papaya,Papaya
22701,Dried,Parsley
22702,"Fresh, Italian",Parsley
22801,Passion Fruit,Passion Fruit
22901,"Shells, Medium, Dry",Pasta
22902,"Bauletti, Chicken White",Pasta
22903,"Lasagna Noodle, Frozen",Pasta
22904,"Tortellini, Fresh",Pasta
22905,"Orzo, Dry",Pasta
22906,"Elbows, Macaroni, Dry",Pasta
22907,"Spaghetti, Dry",Pasta
22908,"Rotini, Dry",Pasta
22909,"Lasagna, Dry",Pasta
22910,"Fettuccine, Dry",Pasta
22911,Angel Hair,Pasta
22912,"Fettuccine, Egg, Fresh",Pasta
23001,Cheese Baked Scones,Pastry
23002,Key Limepoppy Seed Tea,Pastry
23003,French Mini Assorted,Pastry
23004,Carrot Muffin,Pastry
23101,Fresh,Peach
23102,Halves,Peach
23201,Packum,Pear
23202,Bosc,Pear
23301,Frozen,Peas
23401,Pectin,Pectin
23501,Green,Pepper
23502,"Julienne, Frozen",Pepper
23503,"Black, Crushed",Pepper
23601,Green,Peppercorns
23701,600ml,Pepsi
23801,Persimmons,Persimmons
23901,Gherkins,Pickles
24001,Cello Window 2.5,Pie Box
24101,Pie Pecan,Pie Pecan
24201,9,Pie Shell
24202,5,Pie Shell
24301,Frozen Fillet,Pike
24401,Canned,Pimento
24501,All Colours,Piping Jelly
24601,Pizza Pizza Dough,Pizza Pizza Dough
24701,"Scallop, White",Placemat
24801,Plantain,Plantain
24901,Black,Plastic Spoon
25001,Laminated 9in Blk,Plate Foam
25101,Pomegranate,Pomegranate
25201,Pop Shoppe Cream Soda,Pop Shoppe Cream Soda
25301,Sausage Casing,Pork
25302,Smoked Kassler,Pork
25303,Kidney,Pork
25304,"Back, Long Cut, Boneless",Pork
25305,Liver,Pork
25306,Bones,Pork
25307,"Butt, Boneless",Pork
25308,"Back, Short Cut, Boneless",Pork
25309,Salted Bellies,Pork
25401,74 Brights,Port
25501,Pei 10 Oz,Potatoes
25502,Idaho 80 Count,Potatoes
25503,"Yukon Gold, 80 Ct",Potatoes
25504,"Purple, Organic",Potatoes
25505,Idaho 100 Count,Potatoes
25601,Praline Paste,Praline Paste
25701,Slab,Puff Pastry
25801,Pumpkin,Pumpkin
25901,Pur Source,Pur Source
26001,Pear,Puree
26002,Mocha,Puree
26003,Mango,Puree
26004,Strawberry,Puree
26005,Kiwi,Puree
26006,Passion Fruit,Puree
26101,"Whole, Bone",Quail
26201,Quinoa,Quinoa
26301,Legs,Rabbit
26302,Frozen,Rabbit
26401,Radish,Radish
26402,"Black, Winter, Organic",Radish
26501,Rambutan,Rambutan
26601,"Fillet, Skin On",Red Snapper
26701,Relish,Relish
26801,Remy Red Berry Infusion,Remy Red Berry Infusion
26901,Rhubarb,Rhubarb
27001,Brown,Rice
27002,Aborio,Rice
27003,7 Grain Blend,Rice
27101,Rice Paper,Rice Paper
27201,Aji Mirin,Rice Wine
27301,Rolled Oats,Rolled Oats
27401,Dry,Rosemary
27402,Fresh,Rosemary
27403,"Primerba, Paste",Rosemary
27501,"Spiced, Captain Morgan",Rum
27502,"Cream, Amarula",Rum
27503,"White, Gg White",Rum
27504,"Dark, Bacardi, Black",Rum
27601,Fresh,Sage
27701,"Smoked, Sliced",Salmon
27702,"Atlantic, Skin On",Salmon
27703,"Atlantic, No Skin",Salmon
27704,Sockeye Raw,Salmon
27801,Cohoe 6 Oz,Salmon Steak
27802,Cohoe 8 Oz,Salmon Steak
27901,Celery,Salt
28001,Veg,Samosa
28101,Salsa,Sauce
28102,"Soya, Light",Sauce
28103,Soy Low Sodium,Sauce
28104,Plum,Sauce
28105,Alfredo,Sauce
28106,Demi Glace,Sauce
28107,Hoisin,Sauce
28108,Roasted Red Pepper,Sauce
28109,Hp,Sauce
28201,Sauce Tomato Pouch,Sauce Tomato Pouch
28301,Breakfast,Sausage
28302,Meat,Sausage
28303,Blood Pudding,Sausage
28401,Scampi Tail,Scampi Tail
28501,Whole,Sea Bass
28601,Seaweed Green Sheets,Seaweed Green Sheets
28701,"Buckwheat, Organic",Seedlings
28702,"Mix, Organic",Seedlings
28801,Shallots,Shallots
28901,Raspberry,Sherbet
29001,Dry,Sherry
29101,Black Tiger 6,Shrimp
29102,100 / 200 Cold Water,Shrimp
29103,16,Shrimp
29104,"16/20, Iqf, Shell On",Shrimp
29105,Black Tiger 26/30,Shrimp
29106,Prawn,Shrimp
29201,Smirnoff Green Apple Twist,Smirnoff Green Apple Twist
29301,Smoked Paprika,Smoked Paprika
29401,Large Canned,Snails
29501,Hand Soap,Soap
29601,Liz Blizz,Sobe
29602,Orange Carrot,Sobe
29603,Cranberry Grapefruit,Sobe
29604,Green Tea,Sobe
29701,Fillet,Sole
29702,Iqf,Sole
29801,Campbellschix Stew,Soup
29802,"Knorr, Chicken Gumbo",Soup
29803,Campbells Pasta Fagioli,Soup
29804,Cream Of Broccoli,Soup
29805,"Campbells, Spinach Crm",Soup
29806,"Cream Of Broccoli, Dry",Soup
29807,"Knorr, Classic Can. Chili",Soup
29808,Cream Of Potato / Leek,Soup
29809,Tomato Mush. Florentine,Soup
29810,"Campbells, Chix Gumbo",Soup
29811,Campbells Chicken,Soup
29812,French Onion,Soup
29813,Campbells Asian Noodle,Soup
29814,Verve,Soup
29815,Base Broth Chix,Soup
29816,Campbells Mac N Cheese,Soup
29817,Campbells Italian Wedding,Soup
29818,Campbells Split Pea And Ham,Soup
29819,V8 Roasted Red Pepper,Soup
29901,Sour Cream,Sour Cream
06802,Spic And Span All Purpose,Cleaner
30001,Paprika,Spice
30002,Pepper Portions,Spice
30003,Onion Powder Granulated,Spice
30101,Spring Loaded Cup Dispenser,Cup Dispenser
30201,355 Ml,Sprite
30301,Onion,Sprouts
30401,Sproutsmustard Cress,Sproutsmustard Cress
30501,Sunburst,Squash
30601,Stainless Steel Cleaner Vision,Stainless Steel Cleaner Vision
30701,Steam Pan Full Lid,Steam Pan Full Lid
30801,Steamers White,Steamers White
30901,"Veal, White",Stock
31001,Strawberries,Strawberries
31002,California,Strawberries
31101,Brown,Sugar
31102,White Packet,Sugar
31103,Icing,Sugar
31201,Sunflower Seed Raw,Sunflower Seed Raw
31301,Chocolate,Syrup
31302,"Monin, Irish Cream",Syrup
31303,Pancake,Syrup
31401,53x69 Colour,Table Cloth
31402,120 Round White,Table Cloth
31403,62x114 White,Table Cloth
31404,90x90 White,Table Cloth
31501,Fresh,Tarragon
31601,"Sweet, 4",Tart Shells
31602,"Savory, 4",Tart Shells
31701,Grapefruit Green Tea,Tea
31702,"Darjeeling, Azzura",Tea
31703,Lemon Scented,Tea
31704,Decaf Lipton,Tea
31705,Decaf 1 Cup,Tea
31706,Oolong Leaves,Tea
31801,Teriyaki Sauce,Teriyaki Sauce
31901,Lime Rickey,The Pop Shoppe
31902,Black Cherry,The Pop Shoppe
32001,Thermometer Digital,Thermometer Digital
32101,Fresh,Thyme
32201,Fillets,Tilapia
32301,6x7 Select,Tomato
32302,Plum With Basil,Tomato
32401,Tomato Paste,Tomato Paste
32303,Tomato,Tomato
32304,"Cherry, Yellow",Tomato
32305,"Plum, Canned",Tomato
32306,Heirloom,Tomato
32307,Tear Drop,Tomato
32501,Frilled,Toothpick
32601,"Flour, 12",Tortillas
32602,"Flour, 10",Tortillas
32701,Roll White,Towel
32702,Paper / Kraft,Towel
32801,16in Rnd Blk,Tray
32802,"Foam, Square 4",Tray
07703,Mcguinness Triple Sec,Liquor
07603,TruVue Containers,Container
32901,Trueblue,Blueberry
33001,Trueblue,Blueberry Cranberry
33101,White Paper,Truffle Cups
33102,Green,Truffle Cups
33201,White Chocolate,Truffle Shells
33301,Sushi Grade,Tuna
33401,"Whole, Fresh",Turkey
33402,Ground. Lean,Turkey
33403,Leg With Drum And Thigh,Turkey
33501,"White, Organic",Turnip
16610,V8 Splash Strawberry Kiwi,Juice
33601,12x16,Vacuum Bags
33701,Insides Provini,Veal
33702,Osso Bucco,Veal
33703,"Tenderloin, Untrimmed",Veal
33704,"Round, Eye Of",Veal
33705,"Inside, Choice",Veal
33706,Heart,Veal
33707,Ground,Veal
33708,Knuckle,Veal
33709,Kidney,Veal
33710,"Brisket, Provimi, Bone",Veal
33711,"Inside Round / Top, Lean",Veal
33801,Denver Leg Boneless,Venison
33802,Striploin,Venison
07604,Versatainer Nc 8288,Container
33901,Balsamic,Vinegar
33902,Raspberry,Vinegar
33903,Champagne,Vinegar
34001,"Lemon, Absolut",Vodka
17902,Walkers Special Old Whiskey,Whiskey
34101,San Pellegrino,Water
34102,"Spring Water, 355 Ml",Water
34103,Evian 355 Ml,Water
34104,Spring Water 500ml,Water
34105,Tonic,Water
34106,Perrier,Water
34107,Aquafina Vitamin,Water
34201,Canned,Water Chestnut
34108,Tap,Water
34301,Soft Kernal Of Wheat,Wheat
34401,White,Baguette
19203,Chardonnay South,Wine
19204,"Red, Marechal Foch",Wine
19205,Saint Emilion Calvet,Wine
19206,Gewurztraminer Pierre,Wine
19207,White Cab Sauv.on,Wine
19208,Rubyport,Wine
19209,Tio Pepe Sherry Fino,Wine
19210,Cotes Du Rhone Parallele,Wine
19211,Port Late Bottled Vintage,Wine
19212,Coteaux Du Tricastin Ac,Wine
19213,"White, French Cross",Wine
19214,Masi Valpolocell,Wine
19215,"White, Chardonnay",Wine
19216,Placido Pinot Grigo,Wine
19217,Magnotta,Wine
19218,Balbach Riverside,Wine
19219,Puligny Montrachet A.,Wine
19220,Kwv Chenin Blanc South,Wine
19221,Alsace Gewurztraminer,Wine
19222,Cabernet Sauvignon,Wine
19223,Charddonnay Errazuriz,Wine
19224,"White, Antinore Orvieto",Wine
19225,Trimbach Pinot Blanc,Wine
19226,Jaboulet Cotes Du Rhone,Wine
19227,Black Tower Qr,Wine
19228,Merlot Vina Carmen,Wine
19229,"Red, Black Opal Shiraz",Wine
19230,"Mas Chicet Rose, Vintage",Wine
19231,Niagara Peninsula Vqa,Wine
19232,Saint,Wine
19233,German Riesling,Wine
19234,Rosso Del Veronese Igt,Wine
19235,"White, Lindemans Bin 95",Wine
19236,Domaine Boyar Royal,Wine
19237,"White, Pinot Grigio",Wine
19238,"White, Colubia Cresh",Wine
19239,"Red, Metus Rose",Wine
19240,"Red, Mosaic Zweigelt",Wine
19241,"Magnotta, Merlot Sr Vqa",Wine
19242,"White, Riesling, Henry Of",Wine
19243,Baron De Rothschild,Wine
19244,Maipo Valle Cabernet,Wine
19245,Cotes Du Rhone,Wine
19246,Zonnebloem Pinotage,Wine
19247,"Red, Concha Y Toro",Wine
19248,Bouchard La Vignee Pinot,Wine
19249,Chianti Classica Docg,Wine
19250,Beaujolais Villages,Wine
19251,Barbera Alba Doc 2001,Wine
19252,Savigny,Wine
19253,Fino Tio Pepe Gonzalez,Wine
19254,Segura Viudas Aria Brut,Wine
19255,"White, Cooking",Wine
19256,Muscadet Sur Lie,Wine
19257,Mondavi Coastal Private,Wine
19258,Prem Select Charddonany,Wine
19259,Shiraz Wolf Blass Premium,Wine
19260,Periguita Fonseca,Wine
19261,Zinfandel California 2002,Wine
19262,"Bourgogne 2002, La",Wine
19263,"Niagara,vqa Reisling",Wine
19264,"Sherry Dry Sack, William",Wine
34501,Worcestershire Sauce,Worcestershire Sauce
34601,"Fresh, Fleischman",Yeast
34701,Fermipan,Yeast Dry
34801,"Strawberry, 175 Gr",Yogurt
34802,"Cherry, 175 Gr",Yogurt
34901,Yokaline,Yokaline
35001,Strawbrasp Peac,Yoplait
35101,Yucca,Yucca
